user_id,email,firstname,lastname,username,password,user_role
1,volutpat.nunc@outlook.couk,Walker,admin,GGY15NMO4PX,8576,1
2,nunc.commodo@yahoo.net,Connor,admin1,YOE23OOT5GF,3545,1
3,ipsum.dolor@hotmail.net,Paula,Bradford,PME18LOM7BV,5663,0
4,euismod.in@outlook.com,Gabriel,Manning,KDI85TDK1YK,4672,0
5,scelerisque.dui@yahoo.ca,Julie,Jacobson,YRH44OGN8EI,2394,0
6,lacinia.at@protonmail.net,Judith,Mcdowell,WCL15ZRS6ZV,6154,0
7,metus.in@yahoo.ca,Sarah,Serrano,KNN43PDG5RD,9673,0
8,ac.mattis@icloud.ca,Joan,Dotson,SIS77OQE3RH,4019,0
9,iaculis.enim@outlook.net,Emery,Kirkland,IOY04HBR5FB,2776,0
10,sociis.natoque.penatibus@outlook.net,Felicia,Strickland,JZO73UPH5YE,5599,0
11,donec.vitae@icloud.net,Clare,Crane,JTM36ULI5XB,8947,0
12,aliquam@aol.edu,Abigail,Wise,EEH45ZBZ5PL,6343,0
13,suspendisse.ac@aol.com,Barbara,Lott,WRX66CSL7SY,7512,0
14,aliquam.fringilla@hotmail.edu,Roth,Orr,QGS72UXF2HX,4777,0
15,mollis.integer@aol.com,Wyatt,Kaufman,ZNM95MQX9SX,3358,0
16,neque.tellus.imperdiet@google.ca,Charlotte,Franks,JVV38FUN0XT,7329,0
17,sed@outlook.edu,Kato,Weber,YAC25IPD4WO,3510,0
18,ut.semper@outlook.edu,Aphrodite,Clark,FUM59SSS3HQ,7188,0
19,ut.nec.urna@hotmail.couk,Jenna,Rasmussen,EVA51KGR4UR,9610,0
20,quisque@icloud.couk,Patricia,Peterson,LNY82WAN9DZ,6689,0
21,consequat.nec@aol.com,Lester,Brewer,VXI78RWP8QV,9517,0
22,blandit@hotmail.com,Remedios,Bass,HBN61CHF3GO,5671,0
23,vitae.mauris@google.ca,Cora,Dudley,NTI81END3CL,8714,0
24,aliquet.sem@icloud.net,Signe,Langley,HRI15XWV3ES,4789,0
25,sem.nulla@icloud.net,Alexandra,Levine,RPI25FPD7WZ,7480,0
26,amet.consectetuer.adipiscing@yahoo.org,Mason,Vaughan,VDY71GQZ6VK,9369,0
27,duis.volutpat.nunc@hotmail.net,Gloria,William,NIR28ITY1QI,8711,0
28,ac.facilisis@icloud.edu,Yoko,Olsen,FKC72YMK1WN,8700,0
29,donec@protonmail.org,Lucius,Gamble,BCD38TWJ4NY,6279,0
30,pede.cras@yahoo.net,Zena,Adkins,VSE10EZD5GA,5890,0
31,gravida@protonmail.com,Jana,Morrison,IUF52FOO1DC,8625,0
32,dictum@protonmail.net,Lareina,Larsen,HMH18RJJ1SQ,3546,0
33,phasellus.dapibus.quam@hotmail.ca,Neville,William,JTQ22UYS3KP,6267,0
34,nunc@yahoo.com,Keaton,Scott,ETV28OBL5KQ,8042,0
35,parturient.montes.nascetur@protonmail.net,Emmanuel,Keith,VOE61XMW5KO,9723,0
36,risus.donec@outlook.net,Shaeleigh,Edwards,VSC74NLA2NH,6771,0
37,natoque@aol.edu,Rhea,Shannon,UUQ84FOJ7PO,8577,0
38,vestibulum.mauris@yahoo.ca,Amaya,Riley,HSX04EOG6RX,8811,0
39,eget.venenatis@hotmail.ca,Savannah,Stanley,UZB06MFG6MT,3294,0
40,sollicitudin@outlook.ca,Mia,Benjamin,MJQ06WBL3IP,4722,0
41,leo.elementum@protonmail.ca,Montana,Coffey,NGT31KDS6FL,1281,0
42,nunc.mauris@hotmail.edu,Lara,Mullen,JPR77KFK2PU,7132,0
43,velit.egestas@icloud.couk,Zorita,Buckley,WLO11QIH3EP,8641,0
44,etiam@outlook.couk,Paul,Hood,WFP33ZFB7SC,8045,0
45,eleifend.vitae@protonmail.net,Logan,Oliver,AGH16RSM7PX,7065,0
46,non.egestas@protonmail.couk,Jada,Cobb,DTG10BCF6UF,8614,0
47,nullam.ut.nisi@aol.com,Victor,Hutchinson,QIB56KNY4CK,9816,0
48,varius.ultrices@protonmail.edu,Grady,Sparks,WGA11VDP1GL,4782,0
49,egestas@icloud.ca,Benedict,Guerrero,IJO13USF5GO,3156,0
50,dictum.eu@google.com,Blake,Bowers,LEQ16WFY8HG,5412,0
51,sed.est@protonmail.couk,Heidi,Hunt,BXO30WNB6JD,9992,0
52,magna.tellus@google.org,Hu,Zimmerman,UYM52MDT2CU,3559,0
53,sed@outlook.org,Lois,Hamilton,PHR29PJN8NM,8796,0
54,sodales.nisi@google.net,Amber,Hopper,SUF07JRL6YG,1261,0
55,tortor.dictum.eu@protonmail.com,William,Padilla,WTB35GVY1CR,7553,0
56,aliquet.magna@hotmail.org,Tanisha,Brooks,EGF77YGF6RN,8020,0
57,rutrum.urna@yahoo.edu,Xander,Landry,LFC88PMX1HR,6590,0
58,feugiat.nec.diam@protonmail.org,Violet,Cummings,OXL15SWM9LZ,5263,0
59,mi.lorem@icloud.org,Tiger,Chavez,YXM68DOP2YF,3204,0
60,lorem.ut.aliquam@protonmail.net,Astra,Moreno,INZ78VKX1PE,6753,0
61,nulla@hotmail.couk,Ashely,Gentry,VDS85ZMQ8LJ,8670,0
62,rutrum@icloud.com,Ulysses,Lyons,CTB41VPH0OH,4088,0
63,erat.volutpat@google.couk,Myles,Albert,SRF41NCK7GG,5305,0
64,phasellus.nulla@aol.couk,Lydia,Barry,HRS12KYH6HM,7228,0
65,lacinia.at@outlook.ca,Karly,Perez,WPI62XGW9VO,2141,0
66,gravida.mauris@yahoo.edu,Macaulay,Brown,IAZ66FYF4GD,5327,0
67,rutrum.urna.nec@outlook.net,Rinah,Whitaker,NOD13SPD1NY,4291,0
68,quam.quis.diam@google.com,Maite,Burnett,LSW64XCU2JP,6882,0
69,convallis@icloud.couk,Rhona,Molina,RNJ03KOK6TD,5580,0
70,nunc@icloud.com,Daria,Whitaker,PUS68RRX4SA,9044,0
71,libero.dui@icloud.com,Melyssa,Meyers,NPC40ZAK6SY,4884,0
72,et@protonmail.org,Serena,Matthews,WXQ61WGB7FK,9331,0
73,nisi.nibh@icloud.com,Gil,Chandler,UXD16TWE4ZO,1125,0
74,semper.et@google.net,Brody,Sharp,HUC81HJW1VG,7231,0
75,arcu.eu.odio@yahoo.edu,Demetrius,Vasquez,GPU81GQP1TG,6088,0
76,nisi.mauris.nulla@icloud.ca,Colorado,Callahan,EDE56GVG4DP,2186,0
77,enim.sed@protonmail.org,Gavin,Guthrie,XWW11EUS6WV,2772,0
78,sit@yahoo.com,Nash,Valdez,OSP61YPN5HP,2660,0
79,sit.amet@outlook.net,Hilary,Holcomb,UNF27UDP1VM,2316,0
80,nunc@icloud.ca,Beau,Bradshaw,TNR56WGX6KX,8415,0
81,sodales.purus@protonmail.edu,Shelley,Howard,LLM02DHJ7VA,6589,0
82,ornare.fusce@outlook.org,Jocelyn,Willis,HYU90DCE0NK,4373,0
83,lacinia.at@hotmail.couk,Armand,Kinney,VHC81CFJ5NI,1881,0
84,lorem.ut@google.com,Nadine,Glass,WEQ63RZB4DP,9764,0
85,orci.donec.nibh@outlook.edu,Callie,Sharpe,YCH65YXP3VY,9084,0
86,et.ultrices.posuere@yahoo.org,Hammett,Moreno,PXG26NFK8CB,5806,0
87,eu.augue@yahoo.org,Rylee,Manning,TUQ43ARJ5VT,2545,0
88,aliquam.iaculis.lacus@protonmail.couk,Ryder,Stuart,KBO43PVK5PN,1561,0
89,semper@google.ca,Willow,Rojas,PVC06EYV7HK,4757,0
90,duis@google.ca,David,Gross,AYK55WKD3ID,2884,0
91,donec@protonmail.ca,Berk,Holloway,WLM21HLQ6PG,2003,0
92,aliquet.magna.a@icloud.net,Jasper,Terrell,CFQ01HBC5XI,7724,0
93,amet@icloud.org,Slade,Strong,ZQS88SNF1TM,7477,0
94,leo.elementum@outlook.org,Sonya,Manning,BGU36UTW9UH,6887,0
95,eu.enim@google.ca,Bernard,Osborne,IME82KQM3UJ,8362,0
96,integer.aliquam@hotmail.couk,Leo,Hewitt,VLM02YHM2CN,7206,0
97,interdum@yahoo.org,Lance,Witt,VBA69JBY6NV,9849,0
98,consequat@icloud.org,Rhiannon,Mccarthy,PGO21SMO5VI,3860,0
99,mattis.integer@yahoo.com,Cailin,Grant,DAX20YLY4TM,3577,0
100,ante.bibendum.ullamcorper@aol.net,Miranda,Craig,USG43ACD2ZU,1516,0
101,ante.ipsum@yahoo.com,Madaline,Huber,WEY74FEX2KG,7876,0
102,duis.at.lacus@outlook.couk,Ella,Bates,XQO13DNC5AP,4428,0
103,sed.nunc@icloud.net,Hiroko,English,RNM23DOE1BJ,2113,0
104,sagittis.placerat@outlook.net,Alan,Gray,FWO25TOV8AY,3248,0
105,consequat.purus.maecenas@icloud.edu,Jade,Haynes,OHR28DKA4SY,7108,0
106,dapibus.gravida@outlook.ca,Keane,Farrell,BES01UWP6VI,4730,0
107,tincidunt.adipiscing@protonmail.couk,Melvin,Sellers,GAJ40SLX8QV,2326,0
108,ad@aol.org,Akeem,Potts,TAC23QXV0CH,2278,0
109,risus@google.ca,Leroy,Mercer,MQN18FJN6XQ,9488,0
110,felis.adipiscing@hotmail.ca,Gary,Luna,WHR28GJG4VX,5367,0
111,augue.scelerisque.mollis@outlook.net,Nayda,Cameron,OZX16NVP6FL,8709,0
112,vitae.dolor@hotmail.net,Dennis,Mccormick,WTB98KSR8RR,7337,0
113,nulla@aol.org,Samson,Miranda,PKG93JJX4KV,1531,0
114,donec.elementum@google.net,Yuri,Carney,JSS65QVV6DF,8964,0
115,aliquam.rutrum@aol.ca,Elmo,Lynn,MOU88YCZ3JS,5958,0
116,adipiscing@protonmail.ca,Sylvester,Hunter,CCC34FRP7QN,4939,0
117,sapien.molestie@aol.net,Raymond,Mullen,XBP13JHA1UP,2996,0
118,velit@google.com,Cailin,Rogers,AOI97JKM3PI,4062,0
119,erat.eget.ipsum@protonmail.couk,Mia,Franks,XPH65ESD2AS,5832,0
120,volutpat.nunc@aol.org,Anika,Barlow,NVT33RLS5EA,2956,0
121,rhoncus.donec@protonmail.org,Yoshi,Mendoza,DRE95OCI6CH,4893,0
122,molestie.sed@aol.ca,Zenia,Mcdowell,KYC23IMZ3BE,9786,0
123,metus@yahoo.org,Ursa,Sosa,UWS37CAU5NY,4386,0
124,mi@icloud.couk,Ainsley,Spencer,NOU11CML1LS,8980,0
125,dolor.elit@icloud.ca,Zelda,Blake,DOO07PZE8ET,3195,0
126,malesuada.ut@google.ca,Rhoda,Jarvis,DZA26NLP9QE,8533,0
127,amet.massa.quisque@google.org,Maris,Hensley,ZLC46NBZ9ID,1700,0
128,nunc.nulla@hotmail.couk,Cadman,Hebert,WBY34CXO5YP,4660,0
129,lorem.ipsum.dolor@yahoo.org,Mufutau,Collins,SOV76LIN4XJ,5550,0
130,neque.tellus@hotmail.net,Heather,Christian,QXN60UQB9EX,3996,0
131,et.risus@icloud.org,Tana,Simon,WQN33KIS6RY,4972,0
132,odio.aliquam.vulputate@yahoo.ca,Eliana,Gaines,SCK08QYO4KI,9909,0
133,ut.pellentesque@google.com,Larissa,Contreras,HWD28WWV0EH,8251,0
134,consectetuer.adipiscing@hotmail.couk,Beverly,Tate,YGL08RWL5XQ,6477,0
135,et.malesuada@hotmail.net,Cathleen,Mcguire,OVB24MQL5KM,8726,0
136,rutrum.fusce@google.edu,Jocelyn,Mcclain,LON89HXE3PO,4852,0
137,elit.nulla@icloud.net,Venus,Summers,WRA38FPZ3LK,3042,0
138,dis.parturient.montes@yahoo.net,Sara,Jimenez,DKS24PFH7VS,6397,0
139,mauris.elit@icloud.net,Tyrone,Merritt,FTW32NBJ6IE,8717,0
140,curabitur@aol.couk,Gray,Cortez,EIC13PWI2VX,9446,0
141,cras.pellentesque@aol.ca,Sawyer,Burks,OWK74HIK2VD,1557,0
142,et.eros.proin@hotmail.org,Basil,Roberts,QOP21CIF2SI,3369,0
143,fringilla.est@hotmail.org,Shea,Jacobs,SSK32BWH3HQ,6793,0
144,purus@google.couk,Griffin,Gardner,CUW36REJ7WF,3700,0
145,semper.et@hotmail.net,Cailin,Beach,QCH14BUY8LG,7237,0
146,augue.ut@hotmail.net,Grant,Barry,PPH52JOH4OO,9987,0
147,sollicitudin.adipiscing@hotmail.org,Ivy,Ball,JLP07ROW7UG,9377,0
148,purus.duis@hotmail.net,Cody,Norris,WPI47RAB3UE,4859,0
149,in.nec.orci@outlook.ca,William,Ball,WZN02QUR9SO,8612,0
150,dictum.ultricies@aol.org,Carter,Decker,EHM86CMA8LO,1569,0